Id,Consent,Name
ebfcd32b-babb-40f4-a14b-42706e83bd28,Admin,AccessReview.Read.All
e4aa47b9-9a69-4109-82ed-36ec70d85ff1,Admin,AccessReview.ReadWrite.All
5af8c3f5-baca-439a-97b0-ea58a435e269,Admin,AccessReview.ReadWrite.Membership
9084c10f-a2d6-4713-8732-348def50fe02,User,Acronym.Read.All
3361d15d-be43-4de6-b441-3c746d05163d,Admin,AdministrativeUnit.Read.All
7b8a2d34-6b3f-4542-a343-54651608ad81,Admin,AdministrativeUnit.ReadWrite.All
af2819c9-df71-4dd3-ade7-4d7c9dc653b7,Admin,Agreement.Read.All
ef4b5d93-3104-4664-9053-a5c49ab44218,Admin,Agreement.ReadWrite.All
0b7643bb-5336-476f-80b5-18fbfbc91806,Admin,AgreementAcceptance.Read
a66a5341-e66e-4897-9d52-c2df58c2bfb9,Admin,AgreementAcceptance.Read.All
e03cf23f-8056-446a-8994-7d93dfc8b50e,User,Analytics.Read
1b6ff35f-31df-4332-8571-d31ea5a4893f,Admin,APIConnectors.Read.All
c67b52c5-7c69-48b6-9d48-7b3af3ded914,Admin,APIConnectors.ReadWrite.All
88e58d74-d3df-44f3-ad47-e89edf4472e4,User,AppCatalog.Read.All
1ca167d5-1655-44a1-8adf-1414072e1ef9,Admin,AppCatalog.ReadWrite.All
3db89e36-7fa6-4012-b281-85f3d9d9fd2e,User,AppCatalog.Submit
af281d3a-030d-4122-886e-146fb30a0413,Admin,AppCertTrustConfiguration.Read.All
4bae2ed4-473e-4841-a493-9829cfd51d48,Admin,AppCertTrustConfiguration.ReadWrite.All
c79f8feb-a9db-4090-85f9-90d820caa0eb,Admin,Application.Read.All
bdfbf15f-ee85-4955-8675-146e8e5296b5,Admin,Application.ReadWrite.All
ffa91d43-2ad8-45cc-b592-09caddeb24bb,Admin,Application-RemoteDesktopConfig.ReadWrite.All
84bccea3-f856-4a8a-967b-dbe0a3d53a64,Admin,AppRoleAssignment.ReadWrite.All
104a7a4b-ca76-4677-b7e7-2f4bc482f381,Admin,AttackSimulation.Read.All
27608d7c-2c66-4cad-a657-951d575f5a60,User,AttackSimulation.ReadWrite.All
e4c9e354-4dc5-45b8-9e7c-e1393b0b1a20,Admin,AuditLog.Read.All
1d9e7ac3-0eca-442c-82f9-e92625af6e6d,Admin,AuditLogsQuery.Read.All
ba78b16f-1e01-41b6-89ca-73e0a32b304c,Admin,AuditLogsQuery-CRM.Read.All
ee3409fe-617f-43cf-bd1e-fc8b38049e69,Admin,AuditLogsQuery-Endpoint.Read.All
5ff2f415-e0f1-4d11-bfd0-6d87c0f667fd,Admin,AuditLogsQuery-Entra.Read.All
6c8c71d2-c7e1-45b0-ac6d-1d2724fba6ae,Admin,AuditLogsQuery-Exchange.Read.All
4a72c235-a50d-4870-b598-fd88fd1fa074,Admin,AuditLogsQuery-OneDrive.Read.All
30630b65-ed12-4a81-9130-e3a964109fae,Admin,AuditLogsQuery-SharePoint.Read.All
57b030f1-8c35-469c-b0d9-e4a077debe70,Admin,AuthenticationContext.Read.All
ba6d575a-1344-4516-b777-1404f5593057,Admin,AuthenticationContext.ReadWrite.All
2bf6d319-dfca-4c22-9879-f88dcfaee6be,Admin,BillingConfiguration.ReadWrite.All
b27a61ec-b99c-4d6a-b126-c4375d08ae30,Admin,BitlockerKey.Read.All
5a107bfc-4f00-4e1a-b67e-66451267bc68,Admin,BitlockerKey.ReadBasic.All
7f36b48e-542f-4d3b-9bcb-8406f0ab9fdb,User,Bookings.Manage.All
33b1df99-4b29-4548-9339-7a7b83eaeebc,User,Bookings.Read.All
948eb538-f19d-4ec5-9ccc-f059e1ea4c72,User,Bookings.ReadWrite.All
02a5a114-36a6-46ff-a102-954d89d9ab02,User,BookingsAppointment.ReadWrite.All
98b17b35-f3b1-4849-a85f-9f13733002f0,User,Bookmark.Read.All
fb9be2b7-a7fc-4182-aec1-eda4597c43d5,User,BrowserSiteLists.Read.All
83b34c85-95bf-497b-a04e-b58eca9d49d0,User,BrowserSiteLists.ReadWrite.All
d16480b2-e469-4118-846b-d3d177327bee,Admin,BusinessScenarioConfig.Read.All
c47e7b6e-d6f1-4be9-9ffd-1e00f3e32892,Admin,BusinessScenarioConfig.Read.OwnedBy
755e785b-b658-446f-bb22-5a46abd029ea,Admin,BusinessScenarioConfig.ReadWrite.All
b3b7fcff-b4d4-4230-bf6f-90bd91285395,Admin,BusinessScenarioConfig.ReadWrite.OwnedBy
25b265c4-5d34-4e44-952d-b567f6d3b96d,Admin,BusinessScenarioData.Read.OwnedBy
19932d57-2952-4c60-8634-3655c79fc527,Admin,BusinessScenarioData.ReadWrite.OwnedBy
465a38f9-76ea-45b9-9f34-9e8b0d4b0b42,User,Calendars.Read
2b9c4092-424d-4249-948d-b43879977640,User,Calendars.Read.Shared
662d75ba-a364-42ad-adee-f5f880ea4878,User,Calendars.ReadBasic
1ec239c2-d7c9-4623-a91a-a9775856bb36,User,Calendars.ReadWrite
12466101-c9b8-439a-8589-dd09ee67e8e9,User,Calendars.ReadWrite.Shared
101147cf-4178-4455-9d58-02b5c164e759,Admin,Channel.Create
cc83893a-e232-4723-b5af-bd0b01bcfe65,Admin,Channel.Delete.All
9d8982ae-4365-4f57-95e9-d6032a4c0b87,User,Channel.ReadBasic.All
2eadaff8-0bce-4198-a6b9-2cfc35a30075,Admin,ChannelMember.Read.All
0c3e411a-ce45-4cd1-8f30-f99a3efa7b11,Admin,ChannelMember.ReadWrite.All
2b61aa8a-6d36-4b2f-ac7b-f29867937c53,User,ChannelMessage.Edit
767156cb-16ae-4d10-8f8b-41b657c8c8c8,Admin,ChannelMessage.Read.All
5922d31f-46c8-4404-9eaf-2117e390a8a4,Admin,ChannelMessage.ReadWrite
ebf0f66e-9fb1-49e4-a278-222f76911cf4,User,ChannelMessage.Send
233e0cf1-dd62-48bc-b65b-b38fe87fcf8e,Admin,ChannelSettings.Read.All
d649fb7c-72b4-4eec-b2b4-b15acf79e378,Admin,ChannelSettings.ReadWrite.All
38826093-1258-4dea-98f0-00003be2b8d0,User,Chat.Create
bb64e6fc-6b6d-4752-aea0-dd922dbba588,Admin,Chat.ManageDeletion.All
f501c180-9344-439a-bca0-6cbf209fd270,User,Chat.Read
9547fcb5-d03f-419d-9948-5928bbf71b0f,User,Chat.ReadBasic
9ff7295e-131b-4d94-90e1-69fde507ac11,User,Chat.ReadWrite
7e9a077b-3711-42b9-b7cb-5fa5f3f7fea7,Admin,Chat.ReadWrite.All
c5a9e2b1-faf6-41d4-8875-d381aa549b24,Admin,ChatMember.Read
dea13482-7ea6-488f-8b98-eb5bbecf033d,Admin,ChatMember.ReadWrite
cdcdac3a-fd45-410d-83ef-554db620e5c7,User,ChatMessage.Read
116b7235-7cc6-461e-b163-8e55691d839e,User,ChatMessage.Send
ad46d60e-1027-4b75-af88-7c14ccf43a19,User,CloudApp-Discovery.Read.All
5252ec4e-fd40-4d92-8c68-89dd1d3c6110,User,CloudPC.Read.All
9d77138f-f0e2-47ba-ab33-cd246c8b79d1,Admin,CloudPC.ReadWrite.All
12ae2e92-14b5-47b2-babb-4e890bbedc0a,Admin,Community.Read.All
9e69467d-e0e2-402b-a926-3d796990197f,Admin,Community.ReadWrite.All
f2143d35-9b4b-480d-951c-d083e69eeb2c,Admin,ConsentRequest.Create
5942b2f6-5a7b-40af-aa37-4b6ea5447506,User,ConsentRequest.Read
f3bfad56-966e-4590-a536-82ecf548ac1e,Admin,ConsentRequest.Read.All
e694a3a1-7878-46d8-8c29-3d195f6589f4,Admin,ConsentRequest.ReadApprove.All
497d9dfa-3bd1-481a-baab-90895e54568c,Admin,ConsentRequest.ReadWrite.All
ff74d97f-43af-4b68-9f2a-b77ee6968c5d,User,Contacts.Read
242b9d9e-ed24-4d09-9a52-f43769beb9d4,User,Contacts.Read.Shared
d56682ec-c09e-4743-aaf4-1a3aac4caa21,User,Contacts.ReadWrite
afb6c84b-06be-49af-80bb-8f3f77004eab,User,Contacts.ReadWrite.Shared
81594d25-e88e-49cf-ac8c-fecbff49f994,Admin,CrossTenantInformation.ReadBasic.All
cb1ba48f-d22b-4325-a07f-74135a62ee41,Admin,CrossTenantUserProfileSharing.Read
759dcd16-3c90-463c-937e-abf89f991c18,Admin,CrossTenantUserProfileSharing.Read.All
eed0129d-dc60-4f30-8641-daf337a39ffd,Admin,CrossTenantUserProfileSharing.ReadWrite
64dfa325-cbf8-48e3-938d-51224a0cac01,Admin,CrossTenantUserProfileSharing.ReadWrite.All
b2052569-c98c-4f36-a5fb-43e5c111e6d0,Admin,CustomAuthenticationExtension.Read.All
8dfcf82f-15d0-43b3-bc78-a958a13a5792,Admin,CustomAuthenticationExtension.ReadWrite.All
b13ff42e-f321-4d7d-a462-141c46a1b832,Admin,CustomDetection.Read.All
c34088fb-0649-4714-af0b-bcbfec155897,Admin,CustomDetection.ReadWrite.All
b46ffa80-fe3d-4822-9a1a-c200932d54d0,Admin,CustomSecAttributeAssignment.Read.All
ca46335e-8453-47cd-a001-8459884efeae,Admin,CustomSecAttributeAssignment.ReadWrite.All
1fcdeaab-b519-44dd-bffc-ed1fd15a24e0,Admin,CustomSecAttributeAuditLogs.Read.All
ce026878-a0ff-4745-a728-d4fedd086c07,Admin,CustomSecAttributeDefinition.Read.All
8b0160d4-5743-482b-bb27-efc0a485ca4a,Admin,CustomSecAttributeDefinition.ReadWrite.All
0c0064ea-477b-4130-82a5-4c2cc4ff68aa,Admin,DelegatedAdminRelationship.Read.All
885f682f-a990-4bad-a642-36736a74b0c7,Admin,DelegatedAdminRelationship.ReadWrite.All
a197cdc4-a8e8-4d49-9d35-4ca7c83887b4,Admin,DelegatedPermissionGrant.Read.All
41ce6ca6-6826-4807-84f1-1c82854f7ee5,Admin,DelegatedPermissionGrant.ReadWrite.All
bac3b9c2-b516-4ef4-bd3b-c2ef73d8d804,User,Device.Command
11d4cd79-5ba5-460f-803f-e22c8ab85ccd,User,Device.Read
951183d1-1a61-466f-a6d1-1fde911bfd95,Admin,Device.Read.All
280b3b69-0437-44b1-bc20-3b2fca1ee3e9,Admin,DeviceLocalCredential.Read.All
9917900e-410b-4d15-846e-42a357488545,Admin,DeviceLocalCredential.ReadBasic.All
4edf5f54-4666-44af-9de9-0144fb4b6e8c,Admin,DeviceManagementApps.Read.All
7b3f05d5-f68c-4b8d-8c59-a2ecd12f24af,Admin,DeviceManagementApps.ReadWrite.All
f1493658-876a-4c87-8fa7-edb559b3476a,Admin,DeviceManagementConfiguration.Read.All
0883f392-0a7a-443d-8c76-16a6d39c7b63,Admin,DeviceManagementConfiguration.ReadWrite.All
3404d2bf-2b13-457e-a330-c24615765193,Admin,DeviceManagementManagedDevices.PrivilegedOperations.All
314874da-47d6-4978-88dc-cf0d37f0bb82,Admin,DeviceManagementManagedDevices.Read.All
44642bfe-8385-4adc-8fc6-fe3cb2c375c3,Admin,DeviceManagementManagedDevices.ReadWrite.All
49f0cc30-024c-4dfd-ab3e-82e137ee5431,Admin,DeviceManagementRBAC.Read.All
0c5e8a55-87a6-4556-93ab-adc52c4d862d,Admin,DeviceManagementRBAC.ReadWrite.All
8696daa5-bce5-4b2e-83f9-51b6defc4e1e,Admin,DeviceManagementServiceConfig.Read.All
662ed50a-ac44-4eef-ad86-62eed9be2a29,Admin,DeviceManagementServiceConfig.ReadWrite.All
0e263e50-5827-48a4-b97c-d940288653c7,Admin,Directory.AccessAsUser.All
06da0dbc-49e2-44d2-8312-53f166ab848a,Admin,Directory.Read.All
c5366453-9fb0-48a5-a156-24f0c49a4b84,Admin,Directory.ReadWrite.All
cba5390f-ed6a-4b7f-b657-0efc2210ed20,Admin,Directory.Write.Restricted
34d3bd24-f6a6-468c-b67c-0c365c1d6410,Admin,DirectoryRecommendations.Read.All
f37235e8-90a0-4189-93e2-e55b53867ccd,Admin,DirectoryRecommendations.ReadWrite.All
2f9ee017-59c1-4f1d-9472-bd5529a7b311,Admin,Domain.Read.All
0b5d694c-a244-4bde-86e6-eb5cd07730fe,Admin,Domain.ReadWrite.All
ff91d191-45a0-43fd-b837-bd682c4a0b0f,User,EAS.AccessAsUser.All
99201db3-7652-4d5a-809a-bdb94f85fe3c,Admin,eDiscovery.Read.All
acb8f680-0834-4146-b69e-4ab1b39745ad,Admin,eDiscovery.ReadWrite.All
8523895c-6081-45bf-8a5d-f062a2f12c9f,Admin,EduAdministration.Read
63589852-04e3-46b4-bae9-15d5b1050748,Admin,EduAdministration.ReadWrite
091460c9-9c4a-49b2-81ef-1f3d852acce2,Admin,EduAssignments.Read
c0b0103b-c053-4b2e-9973-9f3a544ec9b8,Admin,EduAssignments.ReadBasic
2f233e90-164b-4501-8bce-31af2559a2d3,Admin,EduAssignments.ReadWrite
2ef770a1-622a-47c4-93ee-28d6adbed3a0,Admin,EduAssignments.ReadWriteBasic
484859e8-b9e2-4e92-b910-84db35dadd29,Admin,EduCurricula.Read
4793c53b-df34-44fd-8d26-d15c517732f5,Admin,EduCurricula.ReadWrite
a4389601-22d9-4096-ac18-36a927199112,Admin,EduRoster.Read
5d186531-d1bf-4f07-8cea-7c42119e1bd9,Admin,EduRoster.ReadBasic
359e19a6-e3fa-4d7f-bcab-d28ec592b51e,Admin,EduRoster.ReadWrite
64a6cdd6-aab1-4aaf-94b8-3cc8405e90d0,User,email
5449aa12-1393-4ea2-a7c7-d0e06c1a56b2,Admin,EntitlementManagement.Read.All
ae7a573d-81d7-432b-ad44-4ed5c9d89038,Admin,EntitlementManagement.ReadWrite.All
e9fdcbbb-8807-410f-b9ec-8d5468c7c2ac,User,EntitlementMgmt-SubjectAccess.ReadWrite
f7dd3bed-5eec-48da-bc73-1c0ef50bc9a1,Admin,EventListener.Read.All
d11625a6-fe21-4fc6-8d3d-063eba5525ad,Admin,EventListener.ReadWrite.All
9769c687-087d-48ac-9cb3-c37dde652038,User,EWS.AccessAsUser.All
a38267a5-26b6-4d76-9493-935b7599116b,Admin,ExternalConnection.Read.All
bbbbd9b3-3566-4931-ac37-2b2180d9e334,Admin,ExternalConnection.ReadWrite.All
4082ad95-c812-4f02-be92-780c4c4f1830,Admin,ExternalConnection.ReadWrite.OwnedBy
922f9392-b1b7-483c-a4be-0089be7704fb,Admin,ExternalItem.Read.All
b02c54f8-eb48-4c50-a9f0-a149e5a2012f,Admin,ExternalItem.ReadWrite.All
4367b9d7-cee7-4995-853c-a0bdfe95c1f9,Admin,ExternalItem.ReadWrite.OwnedBy
47167bec-55a7-4caf-9ecc-8d4566e3cfb1,Admin,ExternalUserProfile.Read.All
c6068dc7-a791-46a4-a811-b8228e6649ab,Admin,ExternalUserProfile.ReadWrite.All
3a1e4806-a744-4c70-80fc-223bf8582c46,User,Family.Read
10465720-29dd-4523-a11a-6a75c743c9d9,User,Files.Read
df85f4d6-205c-4ac5-a5ea-6bf408dba283,User,Files.Read.All
5447fe39-cb82-4c1a-b977-520e67e724eb,User,Files.Read.Selected
5c28f0bf-8a70-41f1-8ab2-9032436ddb65,User,Files.ReadWrite
863451e7-0667-486c-a5d6-d135439485f0,User,Files.ReadWrite.All
8019c312-3263-48e6-825e-2b833497195b,User,Files.ReadWrite.AppFolder
17dde5bd-8c17-420f-a486-969730c1b827,User,Files.ReadWrite.Selected
f534bf13-55d4-45a9-8f3c-c92fe64d6131,User,Financials.ReadWrite.All
092211d9-ca1a-427b-813e-b79c7653fe71,Admin,Goals-Export.Read.All
2edeb9fd-4228-480c-a26d-2ed52011cf3d,Admin,Goals-Export.ReadWrite.All
5f8c59db-677d-491f-a6b8-5f174b11ec1d,Admin,Group.Read.All
4e46008b-f24c-477d-8fff-7bb4ec7aafe0,Admin,Group.ReadWrite.All
bc024368-1153-4739-b217-4326f2e966d0,Admin,GroupMember.Read.All
f81125ac-d3b7-4573-a3b2-7099cc39df9e,Admin,GroupMember.ReadWrite.All
43781733-b5a7-4d1b-98f4-e8edff23e1a9,Admin,IdentityProvider.Read.All
f13ce604-1677-429f-90bd-8a10b9f01325,Admin,IdentityProvider.ReadWrite.All
8f6a01e7-0391-4ee5-aa22-a3af122cef27,Admin,IdentityRiskEvent.Read.All
9e4862a5-b68f-479e-848a-4e07e25c9916,Admin,IdentityRiskEvent.ReadWrite.All
ea5c4ab0-5a73-4f35-8272-5d5337884e5d,Admin,IdentityRiskyServicePrincipal.Read.All
bb6f654c-d7fd-4ae3-85c3-fc380934f515,Admin,IdentityRiskyServicePrincipal.ReadWrite.All
d04bb851-cb7c-4146-97c7-ca3e71baf56c,Admin,IdentityRiskyUser.Read.All
e0a7cdbb-08b0-4697-8264-0069786e9674,Admin,IdentityRiskyUser.ReadWrite.All
2903d63d-4611-4d43-99ce-a33f3f52e343,Admin,IdentityUserFlow.Read.All
281892cc-4dbf-4e3a-b6cc-b21029bb4e82,Admin,IdentityUserFlow.ReadWrite.All
652390e4-393a-48de-9484-05f9b1212954,User,IMAP.AccessAsUser.All
60382b96-1f5e-46ea-a544-0407e489e588,User,IndustryData.ReadBasic.All
d19c0de5-7ecb-4aba-b090-da35ebcd5425,Admin,IndustryData-DataConnector.Read.All
5ce933ac-3997-4280-aed0-cc072e5c062a,Admin,IndustryData-DataConnector.ReadWrite.All
fc47391d-ab2c-410f-9059-5600f7af660d,Admin,IndustryData-DataConnector.Upload
cb0774da-a605-42af-959c-32f438fb38f4,Admin,IndustryData-InboundFlow.Read.All
97044676-2cec-40ee-bd70-38df444c9e70,Admin,IndustryData-InboundFlow.ReadWrite.All
a3f96ffe-cb84-40a8-ac85-582d7ef97c2a,Admin,IndustryData-ReferenceDefinition.Read.All
92685235-50c4-4702-b2c8-36043db6fa79,Admin,IndustryData-Run.Read.All
49b7016c-89ae-41e7-bd6f-b7170c5490bf,Admin,IndustryData-SourceSystem.Read.All
9599f005-05d6-4ea7-b1b1-4929768af5d0,Admin,IndustryData-SourceSystem.ReadWrite.All
c9d51f28-8ccd-42b2-a836-fd8fe9ebf2ae,Admin,IndustryData-TimePeriod.Read.All
b6d56528-3032-4f9d-830f-5a24a25e6661,Admin,IndustryData-TimePeriod.ReadWrite.All
12f4bffb-b598-413c-984b-db99728f8b54,Admin,InformationProtectionConfig.Read
4ad84827-5578-4e18-ad7a-86530b12f884,User,InformationProtectionPolicy.Read
7d249730-51a3-4180-8ec1-214f144f1bff,Admin,Insights-UserMetric.Read.All
ac08cdae-e845-41db-adf9-5899a0ec9ef6,User,LearningAssignedCourse.Read
ea4c1fd9-6a9f-4432-8e5d-86e06cc0da77,Admin,LearningContent.Read.All
53cec1c4-a65f-4981-9dc1-ad75dbf1c077,Admin,LearningContent.ReadWrite.All
dd8ce36f-9245-45ea-a99e-8ac398c22861,Admin,LearningProvider.Read
40c2eb57-abaf-49f5-9331-e90fd01f7130,Admin,LearningProvider.ReadWrite
f6403ef7-4a96-47be-a190-69ba274c3f11,User,LearningSelfInitiatedCourse.Read
f55016cc-149c-447e-8f21-7cf3ec1d6350,Admin,LicenseAssignment.ReadWrite.All
9bcb9916-765a-42af-bf77-02282e26b01a,Admin,LifecycleWorkflows.Read.All
84b9d731-7db8-4454-8c90-fd9e95350179,Admin,LifecycleWorkflows.ReadWrite.All
570282fd-fa5c-430d-a7fd-fc8dc98a9dca,User,Mail.Read
7b9103a5-4610-446b-9670-80643382c1fa,User,Mail.Read.Shared
a4b8392a-d8d1-4954-a029-8e668a39a170,User,Mail.ReadBasic
b11fa0e7-fdb7-4dc9-b1f1-59facd463480,User,Mail.ReadBasic.Shared
024d486e-b451-40bb-833d-3e66d98c5c73,User,Mail.ReadWrite
5df07973-7d5d-46ed-9847-1271055cbd51,User,Mail.ReadWrite.Shared
e383f46e-2787-4529-855e-0e479a3ffac0,User,Mail.Send
a367ab51-6b49-43bf-a716-a1fb06d2a174,User,Mail.Send.Shared
87f447af-9fa4-4c32-9dfa-4a57a73d18ce,User,MailboxSettings.Read
818c620a-27a9-40bd-a6a5-d96f7d610b4b,User,MailboxSettings.ReadWrite
dc34164e-6c4a-41a0-be89-3ae2fbad7cd3,Admin,ManagedTenants.Read.All
b31fa710-c9b3-4d9e-8f5e-8036eecddab9,Admin,ManagedTenants.ReadWrite.All
f6a3db3e-f7e8-4ed2-a414-557c8c9830be,Admin,Member.Read.Hidden
526aa72a-5878-49fe-bf4e-357973af9b06,Admin,MultiTenantOrganization.Read.All
225db56b-15b2-4daa-acb3-0eec2bbe4849,User,MultiTenantOrganization.ReadBasic.All
77af1528-84f3-4023-8d90-d219cd433108,Admin,MultiTenantOrganization.ReadWrite.All
2f7013e0-ab4e-447f-a5e1-5d419950692d,Admin,NetworkAccess.Read.All
ae2df9c5-f18d-4ec4-a51b-bdeb807f177b,Admin,NetworkAccess.ReadWrite.All
4051c7fc-b429-4804-8d80-8f1f8c24a6f7,User,NetworkAccessBranch.Read.All
b8a36cc2-b810-461a-baa4-a7281e50bd5c,Admin,NetworkAccessBranch.ReadWrite.All
ba22922b-752c-446f-89d7-a2d92398fceb,User,NetworkAccessPolicy.Read.All
b1fbad0f-ef6e-42ed-8676-bca7fa3e7291,Admin,NetworkAccessPolicy.ReadWrite.All
b0c61509-cfc3-42bd-9bd4-66d81785fee4,Admin,NetworkAccess-Reports.Read.All
9d822255-d64d-4b7a-afdb-833b9a97ed02,User,Notes.Create
371361e4-b9e2-4a3f-8315-2a301a3b0a3d,User,Notes.Read
dfabfca6-ee36-4db2-8208-7a28381419b3,User,Notes.Read.All
615e26af-c38a-4150-ae3e-c3b0d4cb1d6a,User,Notes.ReadWrite
64ac0503-b4fa-45d9-b544-71a463f05da0,User,Notes.ReadWrite.All
ed68249d-017c-4df5-9113-e684c7f8760b,User,Notes.ReadWrite.CreatedByApp
89497502-6e42-46a2-8cb2-427fd3df970a,User,Notifications.ReadWrite.CreatedByApp
7427e0e9-2fba-42fe-b0c0-848c9e6a8182,User,offline_access
110e5abb-a10c-4b59-8b55-9b4daa4ef743,User,OnlineMeetingArtifact.Read.All
190c2bb6-1fdd-4fec-9aa2-7d571b5e1fe3,Admin,OnlineMeetingRecording.Read.All
9be106e1-f4e3-4df5-bdff-e4bc531cbe43,User,OnlineMeetings.Read
a65f2972-a4f8-4f5e-afd7-69ccb046d5dc,User,OnlineMeetings.ReadWrite
30b87d18-ebb1-45db-97f8-82ccb1f0190c,Admin,OnlineMeetingTranscript.Read.All
f6609722-4100-44eb-b747-e6ca0536989d,Admin,OnPremDirectorySynchronization.Read.All
c2d95988-7604-4ba1-aaed-38a5f82a51c7,Admin,OnPremDirectorySynchronization.ReadWrite.All
8c4d5184-71c2-4bf8-bb9d-bc3378c9ad42,Admin,OnPremisesPublishingProfiles.ReadWrite.All
37f7f235-527c-4136-accd-4a02d197296e,User,openid
4908d5b9-3fb2-4b1e-9336-1888b7937185,Admin,Organization.Read.All
46ca0847-7e6b-426e-9775-ea810a948356,Admin,Organization.ReadWrite.All
9082f138-6f02-4f3a-9f4d-5f3c2ce5c688,Admin,OrganizationalBranding.Read.All
15ce63de-b141-4c9a-a9a5-241bf27c6aaf,Admin,OrganizationalBranding.ReadWrite.All
08432d1b-5911-483c-86df-7980af5cdee0,Admin,OrgContact.Read.All
1e9b7a7e-4d64-44ff-acf5-2e9651c1519f,Admin,OrgSettings-AppsAndServices.Read.All
c167b0e7-47c0-48e8-9eee-9892f58018fa,Admin,OrgSettings-AppsAndServices.ReadWrite.All
9862d930-5aec-4a98-8d4f-7277a8db9bcb,Admin,OrgSettings-DynamicsVoice.Read.All
4cea26fb-6967-4234-82c4-c044414743f8,Admin,OrgSettings-DynamicsVoice.ReadWrite.All
210051a0-1ffc-435c-ae76-02d226d05752,Admin,OrgSettings-Forms.Read.All
346c19ff-3fb2-4e81-87a0-bac9e33990c1,Admin,OrgSettings-Forms.ReadWrite.All
8cbdb9f6-9c2e-451a-814d-ec606e5d0212,Admin,OrgSettings-Microsoft365Install.Read.All
1ff35e91-19eb-42d8-aa2d-cc9891127ae5,Admin,OrgSettings-Microsoft365Install.ReadWrite.All
7ff96f41-f022-45ba-acd8-ef3f03063d6b,Admin,OrgSettings-Todo.Read.All
087502c2-5263-433e-abe3-8f77231a0627,Admin,OrgSettings-Todo.ReadWrite.All
8804798e-5934-4e30-8ce3-ef88257cecd4,Admin,PartnerBilling.Read.All
d88fd3fb-53d3-4c1c-8c39-787fcac2ed7a,Admin,PendingExternalUserProfile.Read.All
93a1fb28-c908-4826-904e-0c74ad352b73,Admin,PendingExternalUserProfile.ReadWrite.All
ba47897c-39ec-4d83-8086-ee8256fa737d,User,People.Read
b89f9189-71a5-4e70-b041-9887f0bc7e4a,Admin,People.Read.All
ec762c5f-388b-4b16-8693-ac1efbc611bc,Admin,PeopleSettings.Read.All
e67e6727-c080-415e-b521-e3f35d5248e9,Admin,PeopleSettings.ReadWrite.All
cb8f45a0-5c2e-4ea1-b803-84b870a7d7ec,Admin,Place.Read.All
4c06a06a-098a-4063-868e-5dfee3827264,Admin,Place.ReadWrite.All
4c7f93d2-6b0b-4e05-91aa-87842f0a2142,Admin,PlaceDevice.Read.All
eafd6a71-e95a-4f8a-bb6e-fb84ab7fbd9e,Admin,PlaceDevice.ReadWrite.All
572fea84-0151-49b2-9301-11cb16974376,Admin,Policy.Read.All
633e0fce-8c58-4cfb-9495-12bbd5a24f7c,User,Policy.Read.ConditionalAccess
d146432f-b803-4ed4-8d42-ba74193a6ede,Admin,Policy.Read.IdentityProtection
414de6ea-2d92-462f-b120-6e2a809a6d01,Admin,Policy.Read.PermissionGrant
4f5bc9c8-ea54-4772-973a-9ca119cb0409,Admin,Policy.ReadWrite.AccessReview
b27add92-efb2-4f16-84f5-8108ba77985c,Admin,Policy.ReadWrite.ApplicationConfiguration
edb72de9-4252-4d03-a925-451deef99db7,Admin,Policy.ReadWrite.AuthenticationFlows
7e823077-d88e-468f-a337-e18f1f0e6c7c,Admin,Policy.ReadWrite.AuthenticationMethod
edd3c878-b384-41fd-95ad-e7407dd775be,Admin,Policy.ReadWrite.Authorization
ad902697-1014-4ef5-81ef-2b4301988e8c,Admin,Policy.ReadWrite.ConditionalAccess
4d135e65-66b8-41a8-9f8b-081452c91774,Admin,Policy.ReadWrite.ConsentRequest
014b43d0-6ed4-4fc6-84dc-4b6f7bae7d85,Admin,Policy.ReadWrite.CrossTenantAccess
40b534c3-9552-4550-901b-23879c90bcf9,Admin,Policy.ReadWrite.DeviceConfiguration
b5219784-1215-45b5-b3f1-88fe1081f9c0,Admin,Policy.ReadWrite.ExternalIdentities
92a38652-f13b-4875-bc77-6e1dbb63e1b2,Admin,Policy.ReadWrite.FeatureRollout
be1be369-4540-4ac9-8928-79de99f70d8f,Admin,Policy.ReadWrite.FedTokenValidation
7256e131-3efb-4323-9854-cf41c6021770,Admin,Policy.ReadWrite.IdentityProtection
a8ead177-1889-4546-9387-f25e658e2a79,Admin,Policy.ReadWrite.MobilityManagement
2672f8bb-fd5e-42e0-85e1-ec764dd2614e,Admin,Policy.ReadWrite.PermissionGrant
0b2a744c-2abf-4f1e-ad7e-17a087e2be99,Admin,Policy.ReadWrite.SecurityDefaults
cefba324-1a70-4a6e-9c1d-fd670b7ae392,Admin,Policy.ReadWrite.TrustFramework
d7b7f2d9-0f45-4ea1-9d42-e50810c06991,User,POP.AccessAsUser.All
76bc735e-aecd-4a1d-8b4c-2b915deabb79,User,Presence.Read
9c7a330d-35b3-4aa1-963d-cb2b9f927841,User,Presence.Read.All
8d3c54a7-cf58-4773-bf81-c0cd6ad522bb,User,Presence.ReadWrite
d69c2d6d-4f72-4f99-a6b9-663e32f8cf68,Admin,PrintConnector.Read.All
79ef9967-7d59-4213-9c64-4b10687637d8,Admin,PrintConnector.ReadWrite.All
90c30bed-6fd1-4279-bf39-714069619721,Admin,Printer.Create
93dae4bd-43a1-4a23-9a1a-92957e1d9121,Admin,Printer.FullControl.All
3a736c8a-018e-460a-b60c-863b2683e8bf,Admin,Printer.Read.All
89f66824-725f-4b8f-928e-e1c5258dc565,Admin,Printer.ReadWrite.All
ed11134d-2f3f-440d-a2e1-411efada2502,User,PrinterShare.Read.All
5fa075e9-b951-4165-947b-c63396ff0a37,User,PrinterShare.ReadBasic.All
06ceea37-85e2-40d7-bec3-91337a46038f,Admin,PrinterShare.ReadWrite.All
21f0d9c0-9f13-48b3-94e0-b6b231c7d320,User,PrintJob.Create
248f5528-65c0-4c88-8326-876c7236df5e,User,PrintJob.Read
afdd6933-a0d8-40f7-bd1a-b5d778e8624b,Admin,PrintJob.Read.All
6a71a747-280f-4670-9ca0-a9cbf882b274,User,PrintJob.ReadBasic
04ce8d60-72ce-4867-85cf-6d82f36922f3,Admin,PrintJob.ReadBasic.All
b81dd597-8abb-4b3f-a07a-820b0316ed04,User,PrintJob.ReadWrite
036b9544-e8c5-46ef-900a-0646cc42b271,Admin,PrintJob.ReadWrite.All
6f2d22f2-1cb6-412c-a17c-3336817eaa82,User,PrintJob.ReadWriteBasic
3a0db2f6-0d2a-4c19-971b-49109b19ad3d,Admin,PrintJob.ReadWriteBasic.All
490f32fd-d90f-4dd7-a601-ff6cdc1a3f6c,Admin,PrintSettings.Read.All
9ccc526a-c51c-4e5c-a1fd-74726ef50b8f,Admin,PrintSettings.ReadWrite.All
b3a539c9-59cb-4ad5-825a-041ddbdc2bdb,Admin,PrivilegedAccess.Read.AzureAD
d329c81c-20ad-4772-abf9-3f6fdb7e5988,Admin,PrivilegedAccess.Read.AzureADGroup
1d89d70c-dcac-4248-b214-903c457af83a,Admin,PrivilegedAccess.Read.AzureResources
3c3c74f5-cdaa-4a97-b7e0-4e788bfcfb37,Admin,PrivilegedAccess.ReadWrite.AzureAD
32531c59-1f32-461f-b8df-6f8a3b89f73b,Admin,PrivilegedAccess.ReadWrite.AzureADGroup
a84a9652-ffd3-496e-a991-22ba5529156a,Admin,PrivilegedAccess.ReadWrite.AzureResources
02a32cc4-7ab5-4b58-879a-0586e0f7c495,Admin,PrivilegedAssignmentSchedule.Read.AzureADGroup
06dbc45d-6708-4ef0-a797-f797ee68bf4b,Admin,PrivilegedAssignmentSchedule.ReadWrite.AzureADGroup
8f44f93d-ecef-46ae-a9bf-338508d44d6b,Admin,PrivilegedEligibilitySchedule.Read.AzureADGroup
ba974594-d163-484e-ba39-c330d5897667,Admin,PrivilegedEligibilitySchedule.ReadWrite.AzureADGroup
14dad69e-099b-42c9-810b-d002981feec1,User,profile
c492a2e1-2f8f-4caa-b076-99bbf6e40fe4,Admin,ProgramControl.Read.All
50fd364f-9d93-4ae1-b170-300e87cccf84,Admin,ProgramControl.ReadWrite.All
f73fa04f-b9a5-4df9-8843-993ce928925e,User,QnA.Read.All
07f995eb-fc67-4522-ad66-2b8ca8ea3efd,Admin,RecordsManagement.Read.All
f2833d75-a4e6-40ab-86d4-6dfe73c97605,Admin,RecordsManagement.ReadWrite.All
02e97553-ed7b-43d0-ab3c-f8bace0d040c,Admin,Reports.Read.All
84fac5f4-33a9-4100-aa38-a20c6d29e5e7,Admin,ReportSettings.Read.All
b955410e-7715-4a88-a940-dfd551018df3,Admin,ReportSettings.ReadWrite.All
f1d91a8f-88e7-4774-8401-b668d5bca0c5,Admin,ResourceSpecificPermissionGrant.ReadForUser
344a729c-0285-42c6-9014-f12b9b8d6129,Admin,RoleAssignmentSchedule.Read.Directory
8c026be3-8e26-4774-9372-8d5d6f21daff,Admin,RoleAssignmentSchedule.ReadWrite.Directory
eb0788c2-6d4e-4658-8c9e-c0fb8053f03d,Admin,RoleEligibilitySchedule.Read.Directory
62ade113-f8e0-4bf9-a6ba-5acb31db32fd,Admin,RoleEligibilitySchedule.ReadWrite.Directory
48fec646-b2ba-4019-8681-8eb31435aded,Admin,RoleManagement.Read.All
9619b88a-8a25-48a7-9571-d23be0337a79,Admin,RoleManagement.Read.CloudPC
741c54c3-0c1e-44a1-818b-3f97ab4e8c83,Admin,RoleManagement.Read.Directory
3bc15058-7858-4141-b24f-ae43b4e80b52,Admin,RoleManagement.Read.Exchange
501d06f8-07b8-4f18-b5c6-c191a4af7a82,Admin,RoleManagement.ReadWrite.CloudPC
d01b97e9-cbc0-49fe-810a-750afd5527a3,Admin,RoleManagement.ReadWrite.Directory
c1499fe0-52b1-4b22-bed2-7a244e0e879f,Admin,RoleManagement.ReadWrite.Exchange
cce71173-f76d-446e-97ff-efb2d82e11b1,Admin,RoleManagementAlert.Read.Directory
435644c6-a5b1-40bf-8f52-fe8e5b53e19c,Admin,RoleManagementAlert.ReadWrite.Directory
7e26fdff-9cb1-4e56-bede-211fe0e420e8,Admin,RoleManagementPolicy.Read.AzureADGroup
3de2cdbe-0ff5-47d5-bdee-7f45b4749ead,Admin,RoleManagementPolicy.Read.Directory
0da165c7-3f15-4236-b733-c0b0f6abe41d,Admin,RoleManagementPolicy.ReadWrite.AzureADGroup
1ff1be21-34eb-448c-9ac9-ce1f506b2a68,Admin,RoleManagementPolicy.ReadWrite.Directory
fccf6dd8-5706-49fa-811f-69e2e1b585d0,Admin,Schedule.Read.All
63f27281-c9d9-4f29-94dd-6942f7f1feb0,Admin,Schedule.ReadWrite.All
7d307522-aa38-4cd0-bd60-90c6f0ac50bd,Admin,SearchConfiguration.Read.All
b1a7d408-cab0-47d2-a2a5-a74a3733600d,Admin,SearchConfiguration.ReadWrite.All
1638cddf-07a4-4de2-8645-69c96cacad73,Admin,SecurityActions.Read.All
dc38509c-b87d-4da0-bd92-6bec988bac4a,Admin,SecurityActions.ReadWrite.All
bc257fb8-46b4-4b15-8713-01e91bfbe4ea,Admin,SecurityAlert.Read.All
471f2a7f-2a42-4d45-a2bf-594d0838070d,Admin,SecurityAlert.ReadWrite.All
53e6783e-b127-4a35-ab3a-6a52d80a9077,Admin,SecurityAnalyzedMessage.Read.All
48eb8c83-6e58-46e7-a6d3-8805822f5940,Admin,SecurityAnalyzedMessage.ReadWrite.All
64733abd-851e-478a-bffb-e47a14b18235,Admin,SecurityEvents.Read.All
6aedf524-7e1c-45a7-bd76-ded8cab8d0fc,Admin,SecurityEvents.ReadWrite.All
b9abcc4f-94fc-4457-9141-d20ce80ec952,Admin,SecurityIncident.Read.All
128ca929-1a19-45e6-a3b8-435ec44a36ba,Admin,SecurityIncident.ReadWrite.All
1fe7aa48-9373-4a47-8df3-168335e0f4c9,Admin,ServiceActivity-Exchange.Read.All
d74c75b1-d5a9-479d-902d-92f8f99182c1,Admin,ServiceActivity-Microsoft365Web.Read.All
347e3c16-30f3-4ac7-9b52-fc3c053de9c9,Admin,ServiceActivity-OneDrive.Read.All
404d76f0-e10e-460a-92be-ef19600c54d1,Admin,ServiceActivity-Teams.Read.All
55896846-df78-47a7-aa94-8d3d4442ca7f,Admin,ServiceHealth.Read.All
eda39fa6-f8cf-4c3c-a909-432c683e4c9b,Admin,ServiceMessage.Read.All
636e1b0b-1cc2-4b1c-9aa9-4eeed9b9761b,Admin,ServiceMessageViewpoint.Write
9f9ce928-e038-4e3b-8faf-7b59049a8ddc,Admin,ServicePrincipalEndpoint.Read.All
7297d82c-9546-4aed-91df-3d4f0a9b3ff0,Admin,ServicePrincipalEndpoint.ReadWrite.All
2ef70e10-5bfd-4ede-a5f6-67720500b258,Admin,SharePointTenantSettings.Read.All
aa07f155-3612-49b8-a147-6c590df35536,Admin,SharePointTenantSettings.ReadWrite.All
50f66e47-eb56-45b7-aaa2-75057d9afe08,User,ShortNotes.Read
328438b7-4c01-4c07-a840-e625a749bb89,User,ShortNotes.ReadWrite
5a54b8b3-347c-476d-8f8e-42d5c7424d29,Admin,Sites.FullControl.All
65e50fdc-43b7-4915-933e-e8138f11f40a,User,Sites.Manage.All
205e70e5-aba6-4c52-a976-6d2d46c48043,User,Sites.Read.All
89fe6a52-be36-487e-b7d8-d061c450a026,User,Sites.ReadWrite.All
258f6531-6087-4cc4-bb90-092c5fb3ed3f,User,SMTP.Send
9c3af74c-fd0f-4db4-b17a-71939e2a9d77,Admin,SubjectRightsRequest.Read.All
2b8fcc74-bce1-4ae3-a0e8-60c53739299d,Admin,SubjectRightsRequest.ReadWrite.All
5f88184c-80bb-4d52-9ff2-757288b2e9b7,Admin,Subscription.Read.All
7aa02aeb-824f-4fbe-a3f7-611f751f5b55,Admin,Synchronization.Read.All
7bb27fa3-ea8f-4d67-a916-87715b6188bd,Admin,Synchronization.ReadWrite.All
1a2e7420-4e92-4d2b-94cb-fb2952e9ddf7,Admin,SynchronizationData-User.Upload
f45671fb-e0fe-4b4b-be20-3d3ce43f1bcb,User,Tasks.Read
88d21fd4-8e5a-4c32-b5e2-4a1c95f34f72,User,Tasks.Read.Shared
2219042f-cab5-40cc-b0d2-16b1540b4c5f,User,Tasks.ReadWrite
c5ddf11b-c114-4886-8558-8a4e557cd52b,User,Tasks.ReadWrite.Shared
7825d5d6-6049-4ce7-bdf6-3b8d53f4bcd0,User,Team.Create
485be79e-c497-4b35-9400-0e3fa7f2a5d4,User,Team.ReadBasic.All
2497278c-d82d-46a2-b1ce-39d4cdde5570,Admin,TeamMember.Read.All
4a06efd2-f825-4e34-813e-82a57b03d1ee,Admin,TeamMember.ReadWrite.All
2104a4db-3a2f-4ea0-9dba-143d457dc666,Admin,TeamMember.ReadWriteNonOwnerRole.All
0e755559-83fb-4b44-91d0-4cc721b9323e,User,TeamsActivity.Read
7ab1d787-bae7-4d5d-8db6-37ea32df9186,User,TeamsActivity.Send
bf3fbf03-f35f-4e93-963e-47e4d874c37a,User,TeamsAppInstallation.ReadForChat
5248dcb1-f83b-4ec3-9f4d-a4428a961a72,Admin,TeamsAppInstallation.ReadForTeam
c395395c-ff9a-4dba-bc1f-8372ba9dca84,User,TeamsAppInstallation.ReadForUser
e1408a66-8f82-451b-a2f3-3c3e38f7413f,Admin,TeamsAppInstallation.ReadWriteAndConsentForChat
946349d5-2a9d-4535-abc0-7beeacaedd1d,Admin,TeamsAppInstallation.ReadWriteAndConsentForTeam
2da62c49-dfbd-40df-ba16-fef3529d391c,Admin,TeamsAppInstallation.ReadWriteAndConsentForUser
a0e0e18b-8fb2-458f-8130-da2d7cab9c75,Admin,TeamsAppInstallation.ReadWriteAndConsentSelfForChat
4a6bbf29-a0e1-4a4d-a7d1-cef17f772975,Admin,TeamsAppInstallation.ReadWriteAndConsentSelfForTeam
7a349935-c54d-44ab-ab66-1b460d315be7,Admin,TeamsAppInstallation.ReadWriteAndConsentSelfForUser
aa85bf13-d771-4d5d-a9e6-bca04ce44edf,Admin,TeamsAppInstallation.ReadWriteForChat
2e25a044-2580-450d-8859-42eeb6e996c0,Admin,TeamsAppInstallation.ReadWriteForTeam
093f8818-d05f-49b8-95bc-9d2a73e9a43c,Admin,TeamsAppInstallation.ReadWriteForUser
0ce33576-30e8-43b7-99e5-62f8569a4002,Admin,TeamsAppInstallation.ReadWriteSelfForChat
0f4595f7-64b1-4e13-81bc-11a249df07a9,Admin,TeamsAppInstallation.ReadWriteSelfForTeam
207e0cb1-3ce7-4922-b991-5a760c346ebc,User,TeamsAppInstallation.ReadWriteSelfForUser
48638b3c-ad68-4383-8ac4-e6880ee6ca57,Admin,TeamSettings.Read.All
39d65650-9d3e-4223-80db-a335590d027e,Admin,TeamSettings.ReadWrite.All
a9ff19c2-f369-4a95-9a25-ba9d460efc8e,Admin,TeamsTab.Create
59dacb05-e88d-4c13-a684-59f1afc8cc98,Admin,TeamsTab.Read.All
b98bfd41-87c6-45cc-b104-e2de4f0dafb9,Admin,TeamsTab.ReadWrite.All
ee928332-e9c2-4747-b4a0-f8c164b68de6,Admin,TeamsTab.ReadWriteForChat
c975dd04-a06e-4fbb-9704-62daad77bb49,Admin,TeamsTab.ReadWriteForTeam
c37c9b61-7762-4bff-a156-afc0005847a0,User,TeamsTab.ReadWriteForUser
0c219d04-3abf-47f7-912d-5cca239e90e6,Admin,TeamsTab.ReadWriteSelfForChat
f266662f-120a-4314-b26a-99b08617c7ef,Admin,TeamsTab.ReadWriteSelfForTeam
395dfec1-a0b9-465f-a783-8250a430cb8c,User,TeamsTab.ReadWriteSelfForUser
cd87405c-5792-4f15-92f7-debc0db6d1d6,User,TeamTemplates.Read
594f4bb6-c083-4cf9-8aa8-213823bdf351,Admin,Teamwork.Read.All
44e060c4-bbdc-4256-a0b9-dcc0396db368,User,TeamworkAppSettings.Read.All
87c556f0-2bd9-4eed-bd74-5dd8af6eaf7e,Admin,TeamworkAppSettings.ReadWrite.All
b659488b-9d28-4208-b2be-1c6652b3c970,Admin,TeamworkDevice.Read.All
ddd97ecb-5c31-43db-a235-0ee20e635c40,Admin,TeamworkDevice.ReadWrite.All
57587d0b-8399-45be-b207-8050cec54575,Admin,TeamworkTag.Read
539dabd7-b5b6-4117-b164-d60cd15a8671,Admin,TeamworkTag.ReadWrite
297f747b-0005-475b-8fef-c890f5152b38,Admin,TermStore.Read.All
6c37c71d-f50f-4bff-8fd3-8a41da390140,Admin,TermStore.ReadWrite.All
cac97e40-6730-457d-ad8d-4852fddab7ad,Admin,ThreatAssessment.ReadWrite.All
b152eca8-ea73-4a48-8c98-1a6742673d99,Admin,ThreatHunting.Read.All
9cc427b4-2004-41c5-aa22-757b755e9796,Admin,ThreatIndicators.Read.All
91e7d36d-022a-490f-a748-f8e011357b42,Admin,ThreatIndicators.ReadWrite.OwnedBy
f266d9c0-ccb9-4fb8-a228-01ac0d8d6627,Admin,ThreatIntelligence.Read.All
fd5353c6-26dd-449f-a565-c4e16b9fce78,User,ThreatSubmission.Read
7083913a-4966-44b6-9886-c5822a5fd910,Admin,ThreatSubmission.Read.All
68a3156e-46c9-443c-b85c-921397f082b5,User,ThreatSubmission.ReadWrite
8458e264-4eb9-4922-abe9-768d58f13c7f,Admin,ThreatSubmission.ReadWrite.All
059e5840-5353-4c68-b1da-666a033fc5e8,Admin,ThreatSubmissionPolicy.ReadWrite.All
7ad34336-f5b1-44ce-8682-31d7dfcd9ab9,Admin,TrustFrameworkKeySet.Read.All
39244520-1e7d-4b4a-aee0-57c65826e427,Admin,TrustFrameworkKeySet.ReadWrite.All
73e75199-7c3e-41bb-9357-167164dbb415,Admin,UnifiedGroupMember.Read.AsGuest
f92e74e7-2563-467f-9dd0-902688cb5863,Admin,User.EnableDisableAccount.All
405a51b5-8d8d-430b-9842-8be4b0e9f324,Admin,User.Export.All
63dd7cd9-b489-4adf-a28c-ac38b9a0f962,Admin,User.Invite.All
637d7bec-b31e-4deb-acc9-24275642a2c9,Admin,User.ManageIdentities.All
e1fe6dd8-ba31-4d61-89e7-88639da4683d,User,User.Read
a154be20-db9c-4678-8ab7-66f6cc099a59,Admin,User.Read.All
b340eb25-3456-403f-be2f-af7a0d370277,User,User.ReadBasic.All
b4e74841-8e56-480b-be8b-910348b18b4c,User,User.ReadWrite
204e0828-b5ca-4ad8-b9f3-f32a958e7cc4,Admin,User.ReadWrite.All
47607519-5fb1-47d9-99c7-da4b48f369b1,User,UserActivity.ReadWrite.CreatedByApp
1f6b61c5-2f65-4135-9c9f-31c0f8d32b52,Admin,UserAuthenticationMethod.Read
aec28ec7-4d02-4e8c-b864-50163aea77eb,Admin,UserAuthenticationMethod.Read.All
48971fc1-70d7-4245-af77-0beb29b53ee2,Admin,UserAuthenticationMethod.ReadWrite
b7887744-6746-4312-813d-72daeaee7e2d,Admin,UserAuthenticationMethod.ReadWrite.All
ed8d2a04-0374-41f1-aefe-da8ac87ccc87,Admin,User-LifeCycleInfo.Read.All
7ee7473e-bd4b-4c9f-987c-bd58481f5fa2,Admin,User-LifeCycleInfo.ReadWrite.All
26e2f3e8-b2a1-47fc-9620-89bb5b042024,User,UserNotification.ReadWrite.CreatedByApp
834bcc1c-762f-41b0-bb91-1cdc323ee4bf,Admin,UserTeamwork.Read
367492fc-594d-4972-a9b5-0d58c622c91c,User,UserTimelineActivity.Write.CreatedByApp
27470298-d3b8-4b9c-aad4-6334312a3eac,Admin,VirtualAppointment.Read
2ccc2926-a528-4b17-b8bb-860eed29d64c,Admin,VirtualAppointment.ReadWrite
6b616635-ae58-433a-a918-8c45e4f304dc,Admin,VirtualEvent.Read
d38d189c-e29b-4344-8b3b-829bfa81380b,Admin,VirtualEvent.ReadWrite
11776c0c-6138-4db3-a668-ee621bea2555,Admin,WindowsUpdates.ReadWrite.All
f1ccd5a7-6383-466a-8db8-1a656f7d06fa,Admin,WorkforceIntegration.Read.All
08c4b377-0d23-4a8b-be2a-23c1c1d88545,Admin,WorkforceIntegration.ReadWrite.All
